{"arch_packages":"mipsel_24kc","default_packages":["base-files","busybox","ca-bundle","dnsmasq","dropbear","firewall","fstools","ip6tables","iptables","kmod-gpio-button-hotplug","kmod-ipt-offload","kmod-leds-gpio","libc","libgcc","libustream-wolfssl","logd","mtd","netifd","odhcp6c","odhcpd-ipv6only","opkg","ppp","ppp-mod-pppoe","procd","uci","uclient-fetch","urandom-seed","urngd","wpad-basic-wolfssl"],"metadata_version":1,"profiles":{"bolt_arion":{"device_packages":["kmod-mt7603","kmod-mt76x2","uboot-envtools"],"image_prefix":"openwrt-21.02.2-ramips-mt7621-bolt_arion","images":[{"filesystem":"squashfs","name":"openwrt-21.02.2-ramips-mt7621-bolt_arion-squashfs-sysupgrade.bin","sha256":"07062b6e5e2ba3d09e510f42f1d59199cd616808549d653713d413f2d5485b08","type":"sysupgrade"}],"supported_devices":["bolt,arion"],"titles":[{"model":"Arion","vendor":"BOLT"}]}},"source_date_epoch":"1645043350","target":"ramips/mt7621","version_code":"r16495-bf0c965af0","version_number":"21.02.2"}